feature_id,area,feature,user_story,expected_behavior_based_on_code,implementation_status,test_status,error_status,fix_status,retest_status,code_evidence,test_evidence,backlog_reference,notes
US-001,Launch,Moment app root,"As a user, I want ProsePal to open into the writing experience so I can start without choosing between product implementations.","The app scene constructs MomentAppRootView with the shared writing service, account model, SwiftData container, and Write/Drafts/Settings tabs.",Implemented,Automated root-state and navigation coverage plus deterministic simulator UI coverage passed,None documented,Not needed,Root launch and tab navigation execute through the current app target in package and XCUITest coverage.,prosepal-ios/App/ProsePalNativeApp.swift; prosepal-ios/Sources/ProsePalUI/MomentAppRootView.swift,prosepal-ios/Tests/ProsePalUITests/MomentWelcomeStateTests.swift; prosepal-ios/Tests/ProsePalUITests/MomentRootNavigationTests.swift; prosepal-ios/AppUITests/ProsePalNativeUITests.swift,docs/product/user-journeys.md,The app presents one current ProsePal experience; historical implementation distinctions are not user-facing product vocabulary.
US-002,Launch,First-run welcome,"As a first-time user, I want a short welcome before the Moment sheet so I understand the app without being blocked by sign-in or purchase.",Welcome state controls whether the welcome or Moment tabs appear; welcome can be dismissed into the writing experience.,Implemented,Deterministic state and running-app first-launch coverage passed,None documented,Not needed,XCUITest starts from isolated first-launch state and reaches the composer without requiring sign-in or purchase.,prosepal-ios/Sources/ProsePalUI/MomentAppRootView.swift; prosepal-ios/Sources/ProsePalUI/MomentWelcomeView.swift,prosepal-ios/Tests/ProsePalUITests/MomentWelcomeStateTests.swift; prosepal-ios/AppUITests/ProsePalNativeUITests.swift,docs/product/user-journeys.md,Welcome must not become a marketing splash on every launch.
US-003,Moment Input,Person-first entry,"As a user, I want to start with who the message is for so the app frames the moment around a person.","MomentInput stores trimmed personName; MomentSheetView shows the person field before relationship, occasion, and optional detail.",Implemented,Deterministic model and running-app generation-journey coverage passed,None documented,Not needed,XCUITest enters and commits a person before generation; model tests enforce the trimmed minimum-length contract.,prosepal-ios/Sources/ProsePalDomain/MomentModels.swift; prosepal-ios/Sources/ProsePalUI/MomentExperienceView.swift,prosepal-ios/Tests/ProsePalUITests/MomentModelTests.swift; prosepal-ios/AppUITests/ProsePalNativeUITests.swift,docs/product/user-journeys.md,At least two non-whitespace characters are required; pre-commit layout stability remains US-004.
US-004,Moment Input,Person field commit behavior,"As a user typing a name, I want the layout to stay stable until I submit or leave the person field.",Typing a person keeps the uncommitted header and setup sections visible; submitting commits the person and switches to the named Moment setup.,Implemented,Running-app commit coverage passed; the pre-commit layout has no direct behavioural assertion,The header/start-over state previously changed while the user was still typing.,MomentSheetView bases active layout and header controls on committed-person state.,XCUITest proves the commit action works; source inspection confirms the layout branches use committed-person state but direct before/after layout automation is absent.,prosepal-ios/Sources/ProsePalUI/MomentExperienceView.swift,prosepal-ios/AppUITests/ProsePalNativeUITests.swift,docs/BACKLOG.md,Do not overstate the current XCUITest as direct pre-commit layout coverage.
US-005,Moment Input,Relationship picker,"As a user, I want to choose the relationship naturally so the draft can respect context.","The relationship picker lists grouped relationships; selection updates model.relationship, logs metadata-only diagnostics, and invalidates stale output.",Implemented,Deterministic model coverage passed; direct picker interaction automation is absent,None documented,Not needed,Package tests cover relationship-driven model behavior while source inspection confirms the grouped picker and selection wiring; the sheet gesture is not claimed as automated.,prosepal-ios/Sources/ProsePalUI/MomentExperienceView.swift; prosepal-ios/Sources/ProsePalDomain/CardModels.swift,prosepal-ios/Tests/ProsePalUITests/MomentModelTests.swift,docs/product/capabilities.md,Dedicated picker interaction and any search behavior remain unproved by automation.
US-006,Moment Input,Occasion picker,"As a user, I want to choose the moment or occasion without facing a giant static grid.","The occasion picker supports featured and searchable rows; selection updates occasion, applies automatic careful-treatment policy, logs metadata-only diagnostics, and invalidates stale output.",Implemented,Deterministic model alignment coverage passed; direct picker and search interaction automation is absent,None documented,Not needed,Package tests prove sensitive-occasion alignment while source inspection confirms featured rows search filtering and selection wiring.,prosepal-ios/Sources/ProsePalUI/MomentExperienceView.swift; prosepal-ios/Sources/ProsePalDomain/CardModels.swift,prosepal-ios/Tests/ProsePalUITests/MomentModelTests.swift,docs/product/capabilities.md,Automatic treatment changes without exposing a writing-mode selector.
US-007,Moment Input,Register selector,"As a user, I want the app to match the stakes without making me understand writing modes.","The composer exposes no register selector; ordinary moments retain the default internal mode while sympathy, pet sympathy, and apology align to automatic extra care.",Removed,"Historical model coverage exists; current source and guard coverage confirm the selector is absent","The matrix previously described an unreachable selector and a hidden manual-care assumption.","Removed the dead selector while retaining internal compatibility values required by routing and recovery.","Current model and guard tests pass and reject retired manual-care vocabulary.",prosepal-ios/Sources/ProsePalDomain/MomentModels.swift; prosepal-ios/Sources/ProsePalUI/MomentExperienceView.swift,prosepal-ios/Tests/ProsePalUITests/MomentModelTests.swift; prosepal-ios/Tests/ProsePalUITests/NativeGuardrailTests.swift,docs/BACKLOG.md,"Internal compatibility state remains until the planned recovery, routing, prompt, styling, and Pressure Check cleanup; it has no selectable UI."
US-008,Moment Input,One true thing,"As a user, I want to enter the real sentence or detail I need to say so the draft is grounded in my words.",MomentModel.trueThing maps into MomentInput.trueThing; edits invalidate stale output and refresh local refusal/pressure signals.,Implemented,Deterministic model and input-contract coverage passed,None documented,Not needed,Tests prove the detail reaches generation when present remains optional and invalidates stale output when changed.,prosepal-ios/Sources/ProsePalUI/MomentExperienceView.swift; prosepal-ios/Sources/ProsePalDomain/MomentModels.swift,prosepal-ios/Tests/ProsePalUITests/MomentModelTests.swift; prosepal-ios/Tests/ProsePalUITests/MomentComposerInputTests.swift,docs/product/user-journeys.md,Drafting remains explicit after detail edits.
US-009,Safety,Narrow defensive block,"As a user entering an explicit high-risk phrase, I should see immediate support instead of a drafted message.",MomentInput.safetySignal matches a narrow explicit phrase list; canDraft becomes false and RoutingMessageWritingService throws contentBlocked before either writing client is called; the UI explains the refusal and presents support actions.,Partial,Deterministic routing/model coverage plus simulator refusal evidence passed; locale and human safety review remain open,The current block is an English phrase-list safeguard rather than a general crisis classifier.,The refusal UI now explains why drafting stopped before presenting support resources.,Automation proves blocked input cannot reach a writing client; simulator evidence shows no tappable generation action and visible support resources.,prosepal-ios/Sources/ProsePalDomain/MomentModels.swift; prosepal-ios/Sources/ProsePalAPI/MessageWritingService.swift; prosepal-ios/Sources/ProsePalUI/MomentExperienceView.swift,prosepal-ios/Tests/ProsePalAPITests/MessageWritingServiceTests.swift; prosepal-ios/Tests/ProsePalUITests/MomentModelTests.swift; prosepal-ios/evidence/feature-status/us-009-crisis-block-fixed.jpg; prosepal-ios/evidence/feature-status/us-009-crisis-support-actions.jpg,docs/BACKLOG.md,"Keep the scope narrow: this is a defensive refusal path, not a crisis-assessment product. Locale-aware evidence and human review remain open."
US-010,Drafting,Manual Write draft,"As a user, I want drafting to start only when I tap Write draft so generation is intentional.",MomentModel.startDraft is manual and owns the retained generation task; typing and input selection do not start generation.,Implemented,Deterministic model lifecycle and running-app UI coverage passed,None documented,Not needed,XCUITest proves the app remains in compose state until Write is tapped and then exposes an honest generation state.,prosepal-ios/Sources/ProsePalUI/MomentExperienceView.swift; prosepal-ios/Sources/ProsePalUI/MomentGeneratingView.swift,prosepal-ios/Tests/ProsePalUITests/MomentModelTests.swift; prosepal-ios/Tests/ProsePalUITests/MomentGenerationLifecycleTests.swift; prosepal-ios/AppUITests/ProsePalNativeUITests.swift,docs/product/user-journeys.md,Stop and broader cancellation behaviour are recorded separately in US-057.
US-011,Drafting,Private draft lane,"As a user with an everyday moment, I want a private on-device draft where available.","FoundationModelsPrivateDraftClient checks model availability, builds testable standing instructions and prompt components, uses typed generation, and returns a private MomentDraftBundle.",Partial,Prompt construction and routing are covered deterministically; supported-device model quality and latency evidence are missing,Foundation Models availability and output quality require an Apple Intelligence-capable physical device.,Tracked in backlog,Package tests prove routing and byte-stable prompt construction; live model output remains unclaimed.,prosepal-ios/Sources/ProsePalAPI/FoundationModelsPrivateDraftClient.swift,prosepal-ios/Tests/ProsePalAPITests/PrivateDraftPromptPlanTests.swift; prosepal-ios/Tests/ProsePalAPITests/MessageWritingServiceTests.swift,docs/BACKLOG.md,No template fallback exists in the production service; physical-device output and latency remain release evidence.
US-012,Drafting,Private draft unavailable state,"As a user, I want an honest unavailable state if private drafting cannot run on my device.",FoundationModelsPrivateDraftClient maps availability and generation failures to user-safe GenerationError messages; RoutingMessageWritingService enforces per-lane and total technical deadlines and MomentModel exposes draftUnavailableReason.,Implemented,Automated lane/total-timeout and cancellation coverage plus simulator UI proof passed,ERR-UX-003: Write draft could remain stuck in Writing when the generation route did not answer,Bounded service deadlines cover draft and named adjustments while cancelling the losing operation before fallback.,Passed on iPhone 17 simulator: stalled draft returned to Ready to try again with timeout notice and Try again button,prosepal-ios/Sources/ProsePalAPI/FoundationModelsPrivateDraftClient.swift; prosepal-ios/Sources/ProsePalAPI/MessageWritingService.swift; prosepal-ios/Sources/ProsePalUI/MomentDraftUnavailableNotice.swift; prosepal-ios/Sources/ProsePalUI/MomentExperienceView.swift,prosepal-ios/Tests/ProsePalAPITests/MessageWritingServiceTests.swift; prosepal-ios/Tests/ProsePalUITests/MomentModelTests.swift; prosepal-ios/Tests/ProsePalUITests/MomentGenerationLifecycleTests.swift; prosepal-ios/evidence/feature-status/us-012-timeout-recovery.jpg,docs/product/user-journeys.md,Provider/model names stay hidden; the measured release UX deadline remains open separately.
US-013,Drafting,Automatic careful lane,"As a user with a sensitive moment, I want the app to apply calmer treatment without making me select a writing mode.",RoutingMessageWritingService sends occasions that require careful treatment to carefulClient; GatewayCarefulMomentClient uses the provider-neutral gateway contract and records the careful product lane.,Partial,Deterministic routing coverage passed; guarded staging quality and reliability evidence remain open,The gateway is the current v1 careful-lane implementation; its remaining gap is live evidence rather than a required PCC migration.,Tracked in backlog,Focused routing and fallback coverage passes without claiming live provider quality.,prosepal-ios/Sources/ProsePalAPI/MessageWritingService.swift; prosepal-ios/Sources/ProsePalAPI/GatewayCarefulMomentClient.swift,prosepal-ios/Tests/ProsePalAPITests/MessageWritingServiceTests.swift,docs/BACKLOG.md,Careful routing is automatic and independent of Premium billing; PCC remains an optional post-v1 experiment.
US-014,Drafting,Lane fallback behavior,"As a user, I want drafting to recover gracefully when the preferred lane is unavailable.",Careful failures may fall back to private except contentBlocked; private timedOut/rateLimited/requestNeedsFreshKey/serviceUnavailable/unexpectedResponse may route to careful; offline and usage-limit errors do not silently bypass the private lane.,Implemented,Deterministic routing and cancellation coverage passed,None documented,Not needed,Tests cover both directions and prove content blocks never fall through.,prosepal-ios/Sources/ProsePalAPI/MessageWritingService.swift,prosepal-ios/Tests/ProsePalAPITests/MessageWritingServiceTests.swift; prosepal-ios/Tests/ProsePalUITests/MomentGenerationLifecycleTests.swift,docs/engineering/ai-generation.md,Fallback preserves the typed user-safe error policy and respects the total technical deadline.
US-015,Drafting,Draft card display,"As a user, I want the generated message to read like correspondence, not a chat bubble.",MomentSheetView renders selectable draft text on a paper-like content surface with metadata and actions nearby.,Implemented,Simulator visual and accessibility-size journey coverage passed; VoiceOver and physical-device evidence remain open,None documented,Not needed,Running-app UI coverage reaches a draft and exercises its editor and Copy action at the forced accessibility text size.,prosepal-ios/Sources/ProsePalUI/MomentExperienceView.swift,prosepal-ios/AppUITests/ProsePalNativeUITests.swift; prosepal-ios/evidence/feature-status/us-015-draft-card-action-rail.jpg,docs/BACKLOG.md,Dynamic Type automation exists; broader accessibility and physical-device release evidence remain separate.
US-016,Drafting,Adjust draft,"As a user, I want to make a draft warmer, shorter, or more direct without starting over.","MomentAdjustment supports warmer, shorter, and moreDirect; MomentModel.adjust calls the service with current-draft context and stores an undo snapshot.",Implemented,Deterministic service and model coverage passed; direct adjustment-chip interaction automation is absent,None documented,Not needed,Tests cover all named adjustments current-draft context snapshot/undo behavior and pressure acknowledgement.,prosepal-ios/Sources/ProsePalDomain/MomentModels.swift; prosepal-ios/Sources/ProsePalUI/MomentExperienceView.swift; prosepal-ios/Sources/ProsePalAPI/MessageWritingService.swift,prosepal-ios/Tests/ProsePalAPITests/MessageWritingServiceTests.swift; prosepal-ios/Tests/ProsePalUITests/MomentModelTests.swift,docs/product/capabilities.md,Warmer Shorter and Direct share the same behavioral plumbing; none currently has direct chip-interaction automation.
US-017,Drafting,Take more care rewrite,"As a user, I want a more careful rewrite that preserves the current draft as context.","The dedicated action, result controls, model entry point, refinement protocol, gateway call, diagnostics trigger, and prompt vocabulary are removed; sensitive treatment is automatic and post-draft rewrites use named adjustments or Another.",Removed,"UI absence, generation lifecycle, adjustment, pressure-check, routing, and recovery guards pass",None documented,"Removed because the action duplicated occasion-aware care and created a third generation pathway.",Current package tests pass and the UI-source guard rejects retired action copy and identifiers.,prosepal-ios/Sources/ProsePalUI/MomentExperienceView.swift; prosepal-ios/Sources/ProsePalAPI/MessageWritingService.swift; prosepal-ios/Sources/ProsePalAPI/GatewayCarefulMomentClient.swift,prosepal-ios/Tests/ProsePalUITests/NativeGuardrailTests.swift; prosepal-ios/Tests/ProsePalUITests/MomentGenerationLifecycleTests.swift; prosepal-ios/Tests/ProsePalUITests/MomentModelTests.swift; prosepal-ios/Tests/ProsePalAPITests/MessageWritingServiceTests.swift,docs/BACKLOG.md,The historical row remains solely to record the removal.
US-018,Drafting,Draft edit undo keep history and restart recovery,"As a user, I want to edit, undo, keep, restore, or recover a draft after restart so I can preserve my words and recover if an edit or rewrite lost what I meant.","MomentModel stores recoverable draft snapshots before user edits, named draft adjustments, and manual rewrites; restorePreviousDraft pops the latest snapshot; restoreDraftSnapshot(id:) restores a selected history row while preserving earlier snapshots; keepCurrentDraftChange clears the decision; updateActiveDraftMessage edits the active bundle and refreshes local pressure checks; MomentDraftRecoveryStore persists the active draft bundle plus moment fields and snapshot stack locally for the app root; Start over and moment changes clear recovery; MomentDraftHistorySheet lists current-session snapshots with Restore actions. Legacy manual-care lane values decode as the current careful lane and are re-encoded in normalized form.",Implemented,Deterministic edit undo keep specific-history restart-recovery and legacy-lane normalization coverage passed,ERR-DATA-002 fixed: active drafts were recoverable in session but disappeared after app restart because there was no local active-draft recovery store,"Added inline active-draft editing, Undo edit / Keep edits controls, recoverable snapshot history, a current-session Draft history sheet, local active-draft recovery across app relaunch, pressure-check refresh when users edit wording, and backward-compatible lane normalization.",Focused model tests prove edit history restoration restart recovery and compatibility normalization without claiming running-app evidence.,prosepal-ios/Sources/ProsePalUI/MomentExperienceView.swift; prosepal-ios/Sources/ProsePalDomain/MomentModels.swift,prosepal-ios/Tests/ProsePalUITests/MomentModelTests.swift,docs/BACKLOG.md,Implemented covers local active draft recovery; saved-draft library remains opt-in via Save.
US-019,Safety,Pressure Check,"As a user, I want the app to flag wording that may pressure the recipient.","PressureCheck.local inspects generated text and trueThing for reassurance, conditional apology, and heaviness phrases; draft bundles merge local pressure notes; the draft pressure card lets the user keep the current draft or use the named Direct adjustment while preserving current-draft context and undo.",Partial,"Automated local-pressure, named-adjustment, acknowledgement, and undo coverage passes; earlier simulator evidence records the former cleanup label",ERR-UX-008 fixed: cleanup left the Pressure Check card visible when local pressure persisted from the original trueThing; remaining limitation is local phrase lists and broader safety copy review.,"Pressure Check offers Keep draft and Make direct. Make direct uses the normal named-adjustment lifecycle, keeps the current draft as rewrite context, acknowledges the rewritten finding, and preserves undo.","Focused tests cover Keep draft, Direct adjustment, current-draft context, acknowledgement, and undo; earlier simulator evidence predates the current Make direct label.",prosepal-ios/Sources/ProsePalDomain/MomentModels.swift; prosepal-ios/Sources/ProsePalAPI/MessageWritingService.swift; prosepal-ios/Sources/ProsePalUI/MomentExperienceView.swift,prosepal-ios/Tests/ProsePalAPITests/MessageWritingServiceTests.swift; prosepal-ios/Tests/ProsePalUITests/MomentModelTests.swift; prosepal-ios/evidence/feature-status/us-019-pressure-check-controls.jpg; prosepal-ios/evidence/feature-status/us-019-pressure-check-clean-up-fixed.jpg; prosepal-ios/evidence/feature-status/us-019-pressure-check-keep-draft.jpg,docs/BACKLOG.md,"Needs broader examples and safety copy review before this can be marked Implemented. Physical-device and human safety/accessibility evidence remain separate release work."
US-020,Draft Actions,Copy active draft,"As a user, I want to copy the draft for use in another app.",Active and saved-draft actions copy the currently visible reviewed text and show acknowledgement only after the copy action runs.,Implemented,Behavioural copy-contract and running-app acknowledgement coverage passed,None documented,Not needed,The copy contract test proves the exact visible text reaches the injected clipboard only before completed-copy telemetry; XCUITest proves the action exposes visible confirmation.,prosepal-ios/Sources/ProsePalUI/MomentExperienceView.swift; prosepal-ios/Sources/ProsePalUI/Features/SavedDrafts/SavedMomentDraftDetailView.swift,prosepal-ios/Tests/ProsePalUITests/MomentSharingTests.swift; prosepal-ios/AppUITests/ProsePalNativeUITests.swift,docs/product/capabilities.md,Copy does not claim an external paste succeeded; it acknowledges only the local pasteboard action.
US-021,Draft Actions,Share active draft,"As a user, I want to share the draft using system sharing.","Active and saved-draft surfaces expose one destination-neutral SwiftUI ShareLink for the reviewed plain text; opening or cancelling the chooser never records a destination or successful send.",Implemented,"Behavioural sharing-policy coverage and running-app generic share-sheet coverage passed; physical-device destination proof remains open","Destination-labelled controls and the former activity-controller bridge were misleading.","Replaced destination claims and destination telemetry with direct ShareLink and a shared truthful presentation policy.",XCUITest opens the generic system activity surface from the active draft; policy tests prove cancellation cannot be logged as a send.,prosepal-ios/Sources/ProsePalUI/Support/MomentSharing.swift; prosepal-ios/Sources/ProsePalUI/MomentExperienceView.swift; prosepal-ios/Sources/ProsePalUI/Features/SavedDrafts/SavedMomentDraftDetailView.swift,prosepal-ios/Tests/ProsePalUITests/MomentSharingTests.swift; prosepal-ios/Tests/ProsePalUITests/NativeGuardrailTests.swift; prosepal-ios/AppUITests/ProsePalNativeUITests.swift,docs/BACKLOG.md,The system owns destination selection; physical-device ShareLink evidence remains a release gate.
US-022,Draft Actions,Save active draft,"As a user, I want saved messages to appear only when I deliberately tap Save.",MomentSheetView inserts SavedMomentDraftRecord only from the explicit Save action; generation and recovery do not add a saved-library record.,Implemented,Persistence coverage and running-app save/reopen coverage passed,None documented,Not needed,XCUITest creates a draft taps Save and reopens it from Drafts; API tests cover the stored record shape.,prosepal-ios/Sources/ProsePalUI/MomentExperienceView.swift; prosepal-ios/Sources/ProsePalAPI/RelationshipVault.swift,prosepal-ios/Tests/ProsePalAPITests/RelationshipVaultTests.swift; prosepal-ios/AppUITests/ProsePalNativeUITests.swift; prosepal-ios/evidence/feature-status/us-022-saved-active-draft.jpg,docs/product/user-journeys.md,Generated and recovered drafts remain unsaved until the user chooses Save.
US-023,Draft Actions,Start new moment,"As a user, I want to start over without stale draft state or stale keyboard focus.","MomentModel.startNewMoment cancels active generation and resets person, committed-person state, relationship, occasion, compatibility register, trueThing, draft, errors, snapshots, and recovery.",Implemented,Deterministic model and cancellation coverage passed,None documented,Not needed,Model tests prove the full reset contract and late-result suppression after the Moment is cleared.,prosepal-ios/Sources/ProsePalUI/MomentExperienceView.swift,prosepal-ios/Tests/ProsePalUITests/MomentModelTests.swift; prosepal-ios/Tests/ProsePalUITests/MomentGenerationLifecycleTests.swift,docs/product/capabilities.md,The reset cannot allow a late generation result to repopulate the cleared Moment.
US-024,Relationship Memory,Add Truth Bead,"As a user, I want to save a relationship detail for future drafts only when I choose it.",MomentMemorySection creates approved RelationshipTruthBeadRecord memory only after the current person is committed and the user submits the detail.,Implemented,Persistence/provider coverage plus retained simulator creation evidence passed,Relationship memory quick-add was previously hidden until draft/error.,Relationship memory now appears after person commit while draft-result UI remains state-gated.,Tests prove persistence and approved lookup; retained simulator evidence shows explicit inline creation.,prosepal-ios/Sources/ProsePalUI/MomentExperienceView.swift; prosepal-ios/Sources/ProsePalAPI/RelationshipVault.swift,prosepal-ios/Tests/ProsePalAPITests/RelationshipVaultTests.swift; prosepal-ios/evidence/feature-status/us-024-us-026-memory-created.jpg,docs/product/capabilities.md,No Contacts or Calendar inference occurs; creation is explicitly user-triggered.
US-025,Relationship Memory,"Edit, pause, delete, and explain Truth Beads","As a user, I want relationship details to stay correct, pausable, deletable, and explainable.",RelationshipMemoryDetailView edits person/text/approved state saves with rollback deletes only after confirmation and displays explanatory copy.,Implemented,Persistence behavior coverage plus retained simulator edit/pause evidence passed,None documented,Not needed,Tests prove confirmed deletion failed-save rollback and edit-save rollback; retained simulator evidence covers edit and pause.,prosepal-ios/Sources/ProsePalUI/MomentExperienceView.swift; prosepal-ios/Sources/ProsePalAPI/RelationshipVault.swift,prosepal-ios/Tests/ProsePalAPITests/RelationshipVaultTests.swift; prosepal-ios/Tests/ProsePalUITests/SystemSurfaceProjectTests.swift; prosepal-ios/evidence/feature-status/us-025-us-027-memory-edited-paused.jpg,docs/engineering/relationship-vault.md,The retained simulator pass did not tap Delete; deletion integrity is behavioral rather than direct UI proof.
US-026,Relationship Memory,Voice Card,"As a user, I want to save style guidance for a person without treating it as a fact to quote.","RelationshipVoiceCardRecord and UI support create, edit, approval toggle, delete, and explain style-only use; approved voice cards are fetched only for the current person and the private-draft prompt labels them as style guidance rather than facts to quote.",Implemented,Persistence/provider tests and behavioural private-prompt tests plus simulator UI evidence passed,Voice-card creation was previously unreachable before drafting.,Relationship memory is available after the person is committed; prompt construction is now tested through a pure plan rather than source-string assertions.,Tests prove approved-person lookup and the style-guidance instruction; retained simulator evidence shows creation and vault visibility.,prosepal-ios/Sources/ProsePalAPI/RelationshipVault.swift; prosepal-ios/Sources/ProsePalAPI/FoundationModelsPrivateDraftClient.swift; prosepal-ios/Sources/ProsePalUI/MomentExperienceView.swift,prosepal-ios/Tests/ProsePalAPITests/RelationshipVaultTests.swift; prosepal-ios/Tests/ProsePalAPITests/PrivateDraftPromptPlanTests.swift; prosepal-ios/evidence/feature-status/us-024-us-026-memory-created.jpg; prosepal-ios/evidence/feature-status/us-027-memory-vault-populated.jpg,docs/product/capabilities.md,Voice Card means user-approved writing-style guidance; spoken input is the separate removed/deferred feature in US-049.
US-027,Relationship Memory,Memory vault list and search,"As a user, I want to review saved relationship memory in one place.","RelationshipMemoryVaultView combines Truth Beads and Voice Cards, sorts by updatedAt, supports search and detail navigation, and routes swipe deletion through confirmation and rollback-safe persistence.",Implemented,Persistence coverage plus simulator populated-list/search evidence passed; direct swipe interaction automation is absent,None documented,Not needed,Retained simulator evidence proves populated list/search and persisted edits; behavioural helpers prove confirmed deletion persists and failed deletion rolls back.,prosepal-ios/Sources/ProsePalUI/MomentExperienceView.swift,prosepal-ios/Tests/ProsePalAPITests/RelationshipVaultTests.swift; prosepal-ios/Tests/ProsePalUITests/SystemSurfaceProjectTests.swift; prosepal-ios/evidence/feature-status/us-027-memory-vault-populated.jpg; prosepal-ios/evidence/feature-status/us-025-us-027-memory-edited-paused.jpg,docs/BACKLOG.md,Do not treat shared SwiftData behaviour as direct UI proof; the swipe gesture itself remains unautomated.
US-028,Relationship Memory,Approved memory lookup,"As a user, I want only approved memory for the current person to influence a draft.",SwiftDataRelationshipMemoryProvider uses stable persisted normalized person keys to fetch only approved Truth Beads and Voice Cards for the current person.,Implemented,Deterministic persistence lookup predicate and compatibility-repair coverage passed,Lookup previously depended on locale-sensitive in-memory filtering without a stable person key.,Persisted normalizedPersonName uses en_US_POSIX normalization approved predicates and empty-key repair.,Tests cover case diacritic whitespace predicate filtering cross-person isolation and empty-key repair.,prosepal-ios/Sources/ProsePalAPI/RelationshipVault.swift; prosepal-ios/Sources/ProsePalAPI/FoundationModelsPrivateDraftClient.swift,prosepal-ios/Tests/ProsePalAPITests/RelationshipVaultTests.swift; prosepal-ios/Tests/ProsePalAPITests/PrivateDraftPromptPlanTests.swift,docs/engineering/relationship-vault.md,The normalized key is internal lookup metadata and is omitted from export.
US-029,Saved,Saved drafts list/search/delete,"As a user, I want to find saved drafts and remove ones I no longer need.","SavedMomentDraftsView queries every deliberately saved draft and provides real person, occasion, relationship, and message-text search; unsupported status filters are absent; SavedMomentDraftDetailView requires confirmation and persists deletion before dismissing.",Implemented,Deterministic search presentation and persistence coverage plus retained simulator deletion evidence passed,"ERR-UX-009 fixed: Kept, Used, and Drafts controls implied persisted states that did not exist.",Removed unsupported status filters and replaced the Kept badge with the truthful Saved label; retained real search without changing the versioned SwiftData schema.,Tests prove search date rendering and persistence success/failure; the retained simulator image proves the post-deletion empty state without being treated as direct search evidence.,prosepal-ios/Sources/ProsePalUI/Features/SavedDrafts/SavedDraftLibraryView.swift; prosepal-ios/Sources/ProsePalUI/Features/SavedDrafts/SavedMomentDraftDetailView.swift; prosepal-ios/Sources/ProsePalUI/Features/SavedDrafts/SavedDraftPersistence.swift; prosepal-ios/Sources/ProsePalAPI/RelationshipVault.swift,prosepal-ios/Tests/ProsePalUITests/SavedDraftLibraryPresentationTests.swift; prosepal-ios/Tests/ProsePalUITests/SavedDraftPersistenceTests.swift; prosepal-ios/Tests/ProsePalAPITests/RelationshipVaultTests.swift; prosepal-ios/evidence/feature-status/us-029-delete-empty-state.jpg,docs/product/user-journeys.md,Failed deletion rolls back and leaves the detail open with an honest error; status filters require a future explicit schema and product decision rather than invented UI.
US-030,Saved,Saved draft detail copy/share/delete,"As a user, I want to reopen a saved draft and copy, share, or delete it.","SavedMomentDraftDetailView shows draft content, exposes one Copy and one destination-neutral ShareLink, and confirms deletion before persisting it.",Implemented,"Behavioural sharing-contract and persistence coverage plus retained simulator deletion evidence passed","ERR-UX-004 fixed; destination-specific sharing claims, silent deletion failure, and immediate destructive action were removed.","Uses direct SwiftUI ShareLink for text plus confirmed rollback-safe deletion that dismisses only after persistence succeeds.","Tests prove exact-copy sharing policy and rollback-safe deletion; retained simulator evidence proves successful deletion while physical-device ShareLink proof remains open.",prosepal-ios/Sources/ProsePalUI/Features/SavedDrafts/SavedMomentDraftDetailView.swift; prosepal-ios/Sources/ProsePalUI/Features/SavedDrafts/SavedDraftPersistence.swift; prosepal-ios/Sources/ProsePalUI/Support/MomentSharing.swift,prosepal-ios/Tests/ProsePalUITests/MomentSharingTests.swift; prosepal-ios/Tests/ProsePalUITests/SavedDraftPersistenceTests.swift; prosepal-ios/evidence/feature-status/us-029-delete-empty-state.jpg,docs/BACKLOG.md,Failed deletion keeps the record and detail visible; Share cancellation records no destination or send.
US-031,Saved,Saved draft edit,"As a user, I want to correct a saved draft without deleting and recreating it.","SavedMomentDraftDetailView supports Edit, Cancel, and Save; success appears only after persistence and failure rolls back to the last saved text.",Implemented,Behavioral persistence coverage plus simulator UI proof passed,ERR-UX-002 fixed: saved draft detail lacked edit. Silent save failure could later show a false Saved notice.,Added rollback-safe edit persistence and an honest failure notice while retaining the prior saved value.,Passed behavioral edit success/failure tests; prior simulator proof covers successful Edit Save and Cancel.,prosepal-ios/Sources/ProsePalUI/Features/SavedDrafts/SavedMomentDraftDetailView.swift; prosepal-ios/Sources/ProsePalUI/Features/SavedDrafts/SavedDraftPersistence.swift; prosepal-ios/Sources/ProsePalAPI/RelationshipVault.swift,prosepal-ios/Tests/ProsePalUITests/SavedDraftPersistenceTests.swift; prosepal-ios/Tests/ProsePalAPITests/RelationshipVaultTests.swift; prosepal-ios/evidence/feature-status/us-031-saved-draft-edit.jpg,docs/product/user-journeys.md,UI proof used a deterministic saved draft created with --prosepal-use-mock-writing-service.
US-032,Settings,Settings sections,"As a user, I want account, Premium, writing, privacy, data, support, legal, and about settings in one place.","MomentSettingsView renders the current sections and links to plan, account, local-data, support, legal, and about surfaces; export supports Copy JSON and named-file system sharing.",Partial,Package and running-app navigation/export coverage passed; live account/subscription/system-share evidence remains open,The About section still exposes migration-era Direction vocabulary; account deletion and subscription outcomes also retain external release gates.,Tracked in backlog,XCUITest opens Settings and local-data export; package tests cover presentation and account-model behavior.,prosepal-ios/Sources/ProsePalUI/Features/Settings/MomentSettingsView.swift; prosepal-ios/Sources/ProsePalUI/Features/Settings/MomentLocalDataExport.swift; prosepal-ios/Sources/ProsePalUI/MomentAccountModel.swift,prosepal-ios/Tests/ProsePalUITests/MomentSettingsPresentationTests.swift; prosepal-ios/Tests/ProsePalUITests/MomentSharingTests.swift; prosepal-ios/Tests/ProsePalUITests/MomentAccountModelTests.swift; prosepal-ios/AppUITests/ProsePalNativeUITests.swift,docs/BACKLOG.md,Partial reflects known user-facing terminology plus live account/payment/system-share evidence rather than a missing Settings shell.
US-033,Account,Sign in with Apple,"As a user, I want to sign in with Apple for continuity and support without being forced before purchase.","MomentAppleSignInControl requests no unused contact scopes and supplies a cryptographic nonce; MomentAccountModel exchanges the ID token through Supabase Auth, forwards the one-time authorization code to the authenticated Edge Function, persists the opaque Apple credential ID with the Keychain session, checks credential state, and observes revocation.",Partial,"Deterministic client/Edge Function and delayed UI coverage passed; a physical staging ID-token sign-in was observed during development but no candidate evidence artifact is retained","Retained physical-device proof, deployed authorization-code storage, system revocation notification, and TestFlight evidence remain open","Client/server lifecycle implementation is complete; external environment proof remains in the backlog","Automation covers immediate feedback duplicate prevention input preservation first/repeat sign-in code forwarding malformed results timeouts credential states revocation retry and logging hygiene; the unretained physical observation covered only Supabase ID-token login",prosepal-ios/Sources/ProsePalUI/MomentAppleSignInControl.swift; prosepal-ios/Sources/ProsePalUI/MomentAccountModel.swift; prosepal-ios/Sources/ProsePalAPI/SupabaseAuthClient.swift; prosepal-ios/Sources/ProsePalAPI/AppleAccountLifecycleClient.swift; prosepal-ios/Sources/ProsePalAPI/AppleCredentialState.swift; supabase/functions/exchange-apple-token/index.ts; supabase/migrations/20260714142920_harden_apple_revocation_credentials.sql,prosepal-ios/Tests/ProsePalUITests/MomentAccountModelTests.swift; prosepal-ios/Tests/ProsePalAPITests/AuthSessionTests.swift; prosepal-ios/Tests/ProsePalAPITests/AppleAccountLifecycleClientTests.swift; prosepal-ios/AppUITests/ProsePalNativeUITests.swift; supabase/functions/exchange-apple-token/index.test.ts; supabase/functions/_shared/apple-account.test.ts,docs/BACKLOG.md,"Staging accepts both approved iOS App IDs; production configuration is unchanged. Physical authorization-code and revocation proof remain unclaimed."
US-034,Account,Sign out,"As a signed-in user, I want sign-out to clear account and Premium state safely.","MomentAccountModel.signOut signs out with the current token when available, clears the persisted session, sets signed-out state, and locks Premium inactive.",Implemented,Deterministic model coverage passed; running-app progress feedback is not yet covered,The sign-out action has no equivalent visible progress duplicate-prevention failure or retry contract while remote and local clearing converge.,Tracked as a dedicated asynchronous-feedback follow-up,Package tests prove session and entitlement clearing including refresh-race safety; running-app lifecycle coverage remains open.,prosepal-ios/Sources/ProsePalUI/MomentAccountModel.swift,prosepal-ios/Tests/ProsePalUITests/MomentAccountModelTests.swift; prosepal-ios/Tests/ProsePalAPITests/AuthSessionTests.swift,docs/BACKLOG.md,Functional sign-out is implemented; its cross-cutting waiting experience is part of the Partial US-058 finding.
US-035,Account,Account deletion,"As a signed-in user, I want to delete my account and local app data from Settings.","MomentAccountModel confirms deletion and calls the authenticated delete-user boundary; Apple accounts require refresh-token revocation before validated cleanup and final auth deletion. Pre-final failure preserves signed-in retry; unconfirmed final deletion becomes indeterminate and clears local account state without claiming the remote account remains.",Partial,"Deterministic client/API/Edge Function and delayed UI coverage passed; live Apple revocation and TestFlight deletion remain open","Deployed Apple revocation and sandbox/TestFlight deletion evidence remain open","The final delete uses abort-bound transport where supported; confirmed and already-deleted results converge while an unconfirmed final commit returns indeterminate.","Automation covers immediate progress duplicate prevention preserved writing success pre-final failure indeterminate late completion retry convergence partial local cleanup truthful copy and secret-free logging",prosepal-ios/Sources/ProsePalUI/MomentAccountModel.swift; prosepal-ios/Sources/ProsePalAPI/AccountMaintenanceClient.swift; supabase/functions/delete-user/index.ts; supabase/functions/_shared/apple-account.ts; supabase/migrations/20260714142920_harden_apple_revocation_credentials.sql,prosepal-ios/Tests/ProsePalUITests/MomentAccountModelTests.swift; prosepal-ios/Tests/ProsePalAPITests/AccountMaintenanceClientTests.swift; prosepal-ios/AppUITests/ProsePalNativeUITests.swift; supabase/functions/delete-user/index.test.ts; supabase/functions/_shared/apple-account.test.ts,docs/BACKLOG.md,External Apple revocation and TestFlight evidence remain required; local automation does not claim remote deletion proof.
US-036,Premium,Paywall product loading and plan selection,"As a user considering Premium, I want available plans, price/period, and terms before purchase.","MomentPaywallSheet loads only configured StoreKit product IDs, selects the recommended product when available, exposes plan choice, and shows renewal disclosure plus Terms and Privacy.",Partial,Deterministic loading/presentation and delayed UI coverage passed; the real-client StoreKit suite currently fails setup on an empty successful product probe,Product IDs are configured but the current StoreKit runtime returns no products; the harness correctly treats that as failure rather than an inferred Apple-runtime skip.,Tracked in backlog,XCUITest proves honest indeterminate loading and prevents purchase before products arrive; direct StoreKit scenarios remain unexecuted on the current runtime.,prosepal-ios/App/Info.plist; prosepal-ios/ProsePal.xcodeproj/project.pbxproj; prosepal-ios/Sources/ProsePalUI/MomentExperienceView.swift; prosepal-ios/Sources/ProsePalAPI/SubscriptionClient.swift,prosepal-ios/Tests/ProsePalUITests/MomentAccountModelTests.swift; prosepal-ios/AppUITests/ProsePalNativeUITests.swift; prosepal-ios/AppStoreKitTests/StoreKitSubscriptionClientStoreKitTests.swift; scripts/run_storekit_release_gate.sh,docs/BACKLOG.md,Keep Partial until the configured products return and every direct StoreKit scenario executes with zero failures and zero skips.
US-037,Premium,Purchase Premium,"As a user, I want to purchase without mandatory app sign-in and unlock only after entitlement is active.","StoreKitSubscriptionClient purchases the selected product; cancellation and pending stay locked, and MomentAccountModel unlocks only after verified entitlement convergence.",Partial,Deterministic purchase policy and delayed running-app feedback coverage passed; real StoreKit scenarios and sandbox evidence remain open,The app-hosted StoreKit suite cannot execute purchase scenarios until the current runtime returns configured products.,Tracked in backlog,XCUITest proves immediate acknowledgement duplicate prevention preserved writing and no early success; package tests prove cancellation pending verification and convergence policy.,prosepal-ios/Sources/ProsePalAPI/SubscriptionClient.swift; prosepal-ios/Sources/ProsePalUI/MomentAccountModel.swift,prosepal-ios/Tests/ProsePalAPITests/SubscriptionClientTests.swift; prosepal-ios/Tests/ProsePalUITests/MomentAccountModelTests.swift; prosepal-ios/AppUITests/ProsePalNativeUITests.swift; prosepal-ios/AppStoreKitTests/StoreKitSubscriptionClientStoreKitTests.swift,docs/BACKLOG.md,No purchase is claimed complete until StoreKit and entitlement convergence confirm it.
US-038,Premium,Restore purchases,"As a user, I want to restore purchases from both Paywall and Settings.","Paywall and Settings call the same restore boundary; active entitlement unlocks, confirmed inactivity stays locked, and failures return a user-safe retry state.",Partial,Deterministic restore policy and delayed failure UI coverage passed; active sandbox/TestFlight restore remains open,App Store server reconciliation and a live active-entitlement restore are not yet proven.,Tracked in backlog,XCUITest proves immediate acknowledgement preserved writing no early failure and a retryable failed outcome; package tests prove entitlement results.,prosepal-ios/Sources/ProsePalUI/MomentExperienceView.swift; prosepal-ios/Sources/ProsePalUI/Features/Settings/MomentSettingsView.swift; prosepal-ios/Sources/ProsePalUI/MomentAccountModel.swift; prosepal-ios/Sources/ProsePalAPI/SubscriptionClient.swift,prosepal-ios/Tests/ProsePalUITests/MomentAccountModelTests.swift; prosepal-ios/AppUITests/ProsePalNativeUITests.swift; prosepal-ios/AppStoreKitTests/StoreKitSubscriptionClientStoreKitTests.swift,docs/BACKLOG.md,Local policy coverage does not substitute for sandbox/TestFlight restore and server reconciliation.
US-039,Premium,Server entitlement authority,"As a user, I want paid cloud access to match server entitlement rather than stale local UI.",App Store notification and reconciliation functions update user_entitlements; the iOS client supplies appAccountToken only for a valid signed-in Supabase UUID.,Partial,Deterministic client and server coverage passed; live App Store notification and reconciliation evidence remain open,Paid gateway policy and cross-system ownership still require staging/TestFlight proof.,Tracked in backlog,Server tests cover notification and reconciliation contracts; client tests cover ownership and account switching without inventing a UUID fallback.,supabase/functions/app-store-notifications/index.ts; supabase/functions/app-store-reconcile-entitlement/index.ts; prosepal-ios/App/ProsePalNativeApp.swift,supabase/functions/app-store-notifications/index.test.ts; supabase/functions/app-store-reconcile-entitlement/index.test.ts; prosepal-ios/Tests/ProsePalAPITests/SubscriptionClientTests.swift; prosepal-ios/Tests/ProsePalUITests/MomentAccountModelTests.swift,docs/BACKLOG.md,StoreKit is local truth while the server remains authoritative for paid gateway policy and cloud extras.
US-040,Settings,"Support, legal, and about","As a user, I want support, Terms, Privacy Policy, and app version information accessible from Settings.","MomentSettingsView links support email, exposes a copy-support fallback, opens the standard EULA and privacy URL, and shows app version/build; the current About section also exposes a Direction row.",Partial,Retained simulator evidence covers support fallback Terms Privacy and version presentation,The user-facing Direction value still says Native iOS even though ProsePal is the only current app; the migration-era wording is already tracked.,Tracked in backlog,Simulator evidence proves the support fallback and legal links; the stale Direction value remains visible and is not represented as complete.,prosepal-ios/Sources/ProsePalUI/Features/Settings/MomentSettingsView.swift; prosepal-ios/Sources/ProsePalUI/Features/Settings/MomentSettingsComponents.swift,prosepal-ios/evidence/feature-status/us-040-staging-settings-support-legal.jpg; prosepal-ios/evidence/feature-status/us-040-staging-copy-support-email.jpg; prosepal-ios/evidence/feature-status/us-040-staging-terms-safari.jpg; prosepal-ios/evidence/feature-status/us-040-staging-privacy-safari.jpg,docs/BACKLOG.md,Support and legal actions are implemented; Partial is caused by the known misleading About vocabulary.
US-041,Runtime,Readiness metadata,"As a user or tester, I want the app to show whether private and careful writing are configured without leaking secrets.",NativeRuntimeReadiness exposes configuration booleans; Settings shows Private Draft and automatic Sensitive moments readiness labels.,Implemented,Automated coverage plus simulator UI proof passed,None documented,Not needed,Focused presentation and readiness tests prove separate status without exposing secret values.,prosepal-ios/Sources/ProsePalUI/NativeRuntimeReadiness.swift; prosepal-ios/Sources/ProsePalUI/Features/Settings/MomentSettingsComponents.swift; prosepal-ios/Sources/ProsePalAPI/NativeRuntimeConfig.swift,prosepal-ios/Tests/ProsePalUITests/NativeRuntimeReadinessTests.swift; prosepal-ios/Tests/ProsePalUITests/MomentSettingsPresentationTests.swift; prosepal-ios/Tests/ProsePalAPITests/NativeRuntimeConfigTests.swift,docs/operations/local-development.md,Secret values are not printed and the readiness row is status rather than a manual writing control.
US-042,Privacy,Metadata-only diagnostics,"As a privacy-sensitive user, I want diagnostics to avoid raw message content and secrets.","NativeDiagnosticsLogger records structured action names states request prefixes and character counts rather than raw message text credentials or tokens.",Implemented,Deterministic positive and negative diagnostics coverage passed,None documented,Not needed,Tests assert expected metadata and reject raw content secrets and destination claims.,prosepal-ios/Sources/ProsePalUI/NativeDiagnosticsLogger.swift; prosepal-ios/Sources/ProsePalUI/MomentAccountModel.swift,prosepal-ios/Tests/ProsePalUITests/NativeDiagnosticsTests.swift,docs/engineering/data-and-privacy.md,No third-party analytics SDK is present by default.
US-043,Account,Keychain auth persistence,"As a signed-in user, I want my session persisted securely between launches.","KeychainAuthSessionStore encodes AuthSession, saves to Keychain, loads, updates, and clears by service/account; AuthSessionController owns refresh and replacement races.",Implemented,Deterministic API and concurrency coverage passed,None documented,Not needed,Tests prove save/load/update/clear rotation single-flight refresh terminal/transient handling and sign-out race safety.,prosepal-ios/Sources/ProsePalAPI/KeychainAuthSessionStore.swift; prosepal-ios/Sources/ProsePalAPI/AuthSession.swift,prosepal-ios/Tests/ProsePalAPITests/AuthSessionTests.swift,docs/product/capabilities.md,Physical-device Keychain continuity remains release evidence rather than an unsupported automated claim.
US-044,Gateway,Gateway card generation client,"As a user, I want careful generation errors to be recoverable and user-safe.","GatewayMessageWritingClient sends a strict request identity with CardRequest; initial automatic careful drafts persist that identity across ambiguous retries; each named adjustment uses a fresh key for its explicit action; the gateway reserves quota and burst capacity before provider work, safely replays completed duplicates, and propagates client cancellation into the active provider fetch without starting another fallback model.",Implemented,"Automated client, Edge Function, pgTAP, and local database-concurrency coverage present",None documented,Not needed,"Local Swift, Deno, pgTAP, and parallel-reservation checks pass; live staging proof remains pending.","prosepal-ios/Sources/ProsePalAPI/GatewayMessageWritingClient.swift; prosepal-ios/Sources/ProsePalAPI/GatewayCarefulMomentClient.swift; prosepal-ios/Sources/ProsePalAPI/CarefulRequestKeyStore.swift; supabase/functions/generate-card/index.ts; supabase/migrations/20260712170634_gateway_request_ledger.sql","prosepal-ios/Tests/ProsePalAPITests/MessageWritingClientTests.swift; prosepal-ios/Tests/ProsePalAPITests/CarefulRequestKeyStoreTests.swift; supabase/functions/generate-card/index.test.ts; supabase/tests/gateway_request_ledger_test.sql; scripts/test_gateway_ledger_concurrency.sh",docs/BACKLOG.md,"Initial careful drafts survive a lost response without a second charge; durable identities for named Adjust actions plus guarded staging proof remain open."
US-045,System Surfaces,App Intent and Shortcuts,"As a user, I want to start or resume a Moment from Shortcuts or Siri.",StartMomentIntent writes a MomentLaunchRequest and opens a MomentDeepLink; App Shortcuts supplies the supported phrases.,Partial,Deterministic intent/deep-link coverage passed; real Shortcuts/Siri execution remains open,No physical-device Shortcuts or Siri evidence exists.,Tracked in backlog,Package tests prove request encoding source validation and app-side consumption without claiming system invocation.,prosepal-ios/Sources/ProsePalUI/ProsePalAppIntents.swift; prosepal-ios/App/ProsePalAppShortcuts.swift,prosepal-ios/Tests/ProsePalUITests/ProsePalAppIntentsTests.swift,docs/BACKLOG.md,Ship only if the actual system surface passes production-like qualification.
US-046,System Surfaces,Care Glance widget,"As a user, I want a widget for relationship care reminders or glanceable moments.",Production and staging WidgetKit extensions embed CareGlanceWidget; its bundle-aware URL opens the matching app into a widget-sourced Moment.,Partial,Project wiring build/embed and app-side handoff tests passed; adding and opening the widget from system UI remains open,The widget has no real Widget Gallery or physical-device launch evidence.,Staging target wiring and bundle-aware handoff were added.,Static project and intent tests prove target identity embedding and accepted widget source without claiming WidgetKit system execution.,prosepal-ios/Widgets/ProsePalWidgets.swift; prosepal-ios/Widgets/Info.plist; prosepal-ios/ProsePal.xcodeproj/project.pbxproj,prosepal-ios/Tests/ProsePalUITests/SystemSurfaceProjectTests.swift; prosepal-ios/Tests/ProsePalUITests/ProsePalAppIntentsTests.swift,docs/BACKLOG.md,Keep Partial until the widget is configured and launched from the real system surface.
US-047,System Surfaces,Control Center / Action Button control,"As a user, I want a system control to quickly start a Moment.",StartMomentControlWidget is embedded in both widget targets and opens a bundle-aware control_center deep link that the app accepts.,Partial,Project wiring and app-side control_center handoff tests passed; real Control Center and Action Button execution remain open,No system-configuration or physical-device evidence exists.,Staging target embedding and bundle-aware URLs were added.,Static tests prove target wiring control declaration and app-side source handling without claiming system invocation.,prosepal-ios/Widgets/ProsePalWidgets.swift; prosepal-ios/ProsePal.xcodeproj/project.pbxproj; prosepal-ios/Sources/ProsePalUI/ProsePalAppIntents.swift,prosepal-ios/Tests/ProsePalUITests/SystemSurfaceProjectTests.swift; prosepal-ios/Tests/ProsePalUITests/ProsePalAppIntentsTests.swift,docs/BACKLOG.md,Keep Partial until the control is configured and launched from Control Center or the Action Button.
US-048,System Surfaces,Share extension,"As a user, I want to turn outside text or context into a Moment.",Production and staging share extensions accept text/URL providers store capped context in the shared payload contract and open the matching app; MomentAppRootView consumes the payload without logging raw content.,Partial,Target build/embed app-side payload/deep-link and diagnostics coverage plus retained Safari discovery evidence passed; tapped handoff remains open,The extension appears in retained simulator share-sheet evidence but a complete share-extension-to-app handoff has not been captured.,Matching extension targets display names bundle-aware URLs and shared payload wiring were added.,Tests prove project wiring payload sanitisation app-side consumption and metadata-only diagnostics without claiming a completed system handoff.,prosepal-ios/ShareExtension/ShareViewController.swift; prosepal-ios/ShareExtension/Info.plist; prosepal-ios/ShareExtension/ProsePalShareExtension.entitlements; prosepal-ios/App/ProsePal.entitlements; prosepal-ios/ProsePal.xcodeproj/project.pbxproj; prosepal-ios/Sources/ProsePalUI/ProsePalAppIntents.swift; prosepal-ios/Sources/ProsePalUI/MomentAppRootView.swift; prosepal-ios/Sources/ProsePalUI/NativeDiagnosticsLogger.swift,prosepal-ios/Tests/ProsePalUITests/SystemSurfaceProjectTests.swift; prosepal-ios/Tests/ProsePalUITests/ProsePalAppIntentsTests.swift; prosepal-ios/Tests/ProsePalUITests/NativeDiagnosticsTests.swift; prosepal-ios/evidence/feature-status/us-048-safari-share-sheet-prosepal.jpg,docs/BACKLOG.md,No raw shared content enters the deep-link URL; keep Partial until the real system handoff is captured.
US-049,Moment Input,Voice capture,"As a user, I want to say the messy thing by voice instead of typing it.",The composer has no voice-entry control and the app declares no microphone or speech-recognition usage descriptions; Moment detail is typed input only.,Removed,Removal guards and typed-input generation coverage passed,None documented,The control model wiring transcriber implementation tests and permission strings were removed from v1.,Current tests prove typed detail remains optional and reaches generation; source and plist scans confirm the removed capability is absent.,prosepal-ios/Sources/ProsePalUI/MomentExperienceView.swift; prosepal-ios/App/Info.plist,prosepal-ios/Tests/ProsePalUITests/MomentComposerInputTests.swift; prosepal-ios/Tests/ProsePalUITests/NativeGuardrailTests.swift,docs/BACKLOG.md,Voice input is deferred as a separately owned post-v1 feature; this row preserves useful removal history without citing a deleted file.
US-050,Settings,Data export,"As a user, I want to export my local ProsePal data from Settings without waiting for support.","RelationshipVaultExporter creates a versioned JSON snapshot of Truth Beads, Voice Cards, and saved drafts; Settings shows counts filename preview Refresh Copy JSON and a named-file ShareLink backed by a typed Transferable.",Implemented,Exporter file/pasteboard policy and running-app generic share-sheet coverage passed; physical-device destination proof remains open,The former clipboard-only export did not provide a real file handoff.,MomentLocalDataExport preserves the generated filename and exact bytes cleans temporary files and retains Copy JSON.,XCUITest opens the local export and generic system share surface; package tests prove bytes filename cleanup and truthful action contracts.,prosepal-ios/Sources/ProsePalAPI/RelationshipVault.swift; prosepal-ios/Sources/ProsePalUI/Features/Settings/MomentLocalDataExport.swift,prosepal-ios/Tests/ProsePalAPITests/RelationshipVaultTests.swift; prosepal-ios/Tests/ProsePalUITests/MomentSharingTests.swift; prosepal-ios/AppUITests/ProsePalNativeUITests.swift; prosepal-ios/evidence/feature-status/us-050-export-ready.jpg,docs/BACKLOG.md,The export omits internal person keys and store paths; account/server export remains separate.
US-051,Privacy,Relationship vault storage and erase,"As a user, I want local relationship memory to be stored privately and erased safely when deleting my account.","The vault uses SwiftData in a backup-excluded Application Support directory, falls back to an honest ephemeral vault if persistence cannot open, and erases Truth Beads Voice Cards saved drafts and fallback files during local cleanup.",Implemented,Deterministic storage erase fallback and account-cleanup coverage passed,A non-failing Core Data NSXPCConnection warning may still appear during package tests.,Persistent-or-ephemeral startup local erasure fallback-file cleanup and a visible persistence status are implemented.,Package tests cover store location backup exclusion fallback behavior full erasure and account-deletion cleanup.,prosepal-ios/Sources/ProsePalAPI/RelationshipVault.swift; prosepal-ios/App/ProsePalNativeApp.swift; prosepal-ios/Sources/ProsePalUI/MomentAccountModel.swift; prosepal-ios/Sources/ProsePalUI/Features/Settings/MomentSettingsView.swift,prosepal-ios/Tests/ProsePalAPITests/RelationshipVaultTests.swift; prosepal-ios/Tests/ProsePalUITests/MomentAccountModelTests.swift; prosepal-ios/Tests/ProsePalUITests/NativeRuntimeReadinessTests.swift,docs/engineering/relationship-vault.md,At-rest encryption beyond Apple data protection remains a separate post-v1 decision.
US-052,Architecture,Provider-agnostic UI,"As a user, I should not see provider or model names in the app UI.",UI depends on MessageWritingService and describes automatic Sensitive moments readiness without provider/model names or a manual careful-writing action.,Implemented,"Targeted UI/App source scans and automated guard tests pass",None documented,Not needed,"NativeGuardrailTests rejects provider names and retired manual-care copy or identifiers across App and ProsePalUI source.",prosepal-ios/Sources/ProsePalUI/MomentExperienceView.swift; prosepal-ios/Sources/ProsePalUI/NativeRuntimeReadiness.swift; prosepal-ios/Sources/ProsePalAPI/MessageWritingService.swift,prosepal-ios/Tests/ProsePalUITests/NativeGuardrailTests.swift,docs/BACKLOG.md,Automated guards fail if provider/model names or the retired manual-care action drift into App or ProsePalUI source.
US-053,Accessibility,Accessibility posture,"As a user using accessibility settings, I want controls, text, navigation, and progress states to remain usable.","SwiftUI surfaces use labels selectable text standard navigation reduce-motion checks accessible progress values explicit icon labels an accessibility-size composer variant inline draft actions and opaque Reduce Transparency fallbacks.",Partial,Static/package coverage retained simulator evidence and a running-app accessibility-size journey passed; VoiceOver Switch Control and physical-device evidence remain open,Known large-text overlap and truncation defects were fixed; broader assistive-technology coverage is incomplete.,Accessibility-size chrome inline actions wrapping and Reduce Transparency surfaces were added.,XCUITest completes compose generation and Copy at forced accessibility size; retained evidence covers AX-XXXL contrast and Reduce Transparency states.,prosepal-ios/Sources/ProsePalUI/MomentExperienceView.swift; prosepal-ios/Sources/ProsePalUI/MomentGeneratingView.swift; prosepal-ios/App/ProsePalNativeApp.swift,prosepal-ios/AppUITests/ProsePalNativeUITests.swift; prosepal-ios/evidence/feature-status/us-053-accessibility-large-text-fixed.jpg; prosepal-ios/evidence/feature-status/us-053-accessibility-inline-actions-fixed.jpg; prosepal-ios/evidence/feature-status/us-053-reduce-transparency-first-entry.jpg,docs/BACKLOG.md,Keep Partial until VoiceOver Switch Control broader large-text flows and physical-device evidence pass.
US-054,Non-goal Guardrail,No third-party provider SDKs,"As a user, I want the iOS app to stay dependency-light and privacy-safe by default.","Package.swift has no package dependencies; the client uses StoreKit SwiftData Foundation Models and provider-neutral HTTP boundaries without RevenueCat Firebase AI or provider SDKs.",Implemented,Static dependency guard and build coverage passed,None documented,Not needed,NativeGuardrailTests scans the project dependency boundary for banned provider and subscription SDKs.,prosepal-ios/Package.swift,prosepal-ios/Tests/ProsePalUITests/NativeGuardrailTests.swift; prosepal-ios/Package.swift,docs/engineering/architecture.md,Provider-neutral server calls do not require a provider SDK in the app.
US-055,Premium,Entitlement integrity and transaction delivery,"As a purchaser, I want Premium to follow verified StoreKit truth without leaking across accounts or disappearing during a temporary store outage.","StoreKitSubscriptionClient returns explicit active confirmed-inactive or unknown state; MomentAccountModel keeps same-account last-known-good active access during transient unknown state, clears it on confirmed inactivity or account switch, enforces appAccountToken compatibility, and finishes purchases or updates only after matching convergence.",Partial,"Deterministic API/UI policy coverage passes and an app-hosted real-client StoreKit Test target is wired; the current direct run fails setup because a successful product probe returns no products","The current runtime returns an empty successful product lookup; no Apple-runtime error is inferred from that result. Sandbox TestFlight and server-reconciliation proof also remain open.","Added tri-state entitlement policy, renewal-state mapping, ownership and account-epoch rules, deferred finish/redelivery, explicit retired-product recognition, and direct SKTestSession scenarios","Package tests cover active/inactive/unknown, last-known-good, purchase/update finishing, redelivery, ownership mismatch, account switching, revocation and expiry. The app-hosted suite discovers 12 real-client scenarios; the current release gate fails setup on its empty product probe with zero inferred skips and no false pass.",prosepal-ios/Sources/ProsePalAPI/SubscriptionClient.swift; prosepal-ios/Sources/ProsePalUI/MomentAccountModel.swift; prosepal-ios/App/ProsePalNativeApp.swift,prosepal-ios/Tests/ProsePalAPITests/SubscriptionClientTests.swift; prosepal-ios/Tests/ProsePalUITests/MomentAccountModelTests.swift; prosepal-ios/AppStoreKitTests/StoreKitSubscriptionClientStoreKitTests.swift,docs/BACKLOG.md,"Keep Partial until all direct StoreKit scenarios execute without skips and sandbox/TestFlight plus server ownership evidence pass."
US-056,Quality,Release-critical UI automation,"As a release owner, I want durable user journeys exercised in the running iOS app so broken wiring cannot pass on source assertions alone.","A focused XCUITest target drives isolated first-run navigation generation delayed authentication and subscription work account-deletion outcomes persistence generic sharing/export and accessibility-size scenarios through real actions and stable accessibility contracts.",Implemented,The complete deterministic simulator target passes 17 scenarios with zero failures and zero skips,"Live Apple authorization, StoreKit sandbox transactions, provider output, VoiceOver, generic share destinations, and physical-device behavior remain external evidence. Sign-out progress and paywall-local outcome presentation remain product findings.","DEBUG-only named scenarios provide delayed success and failure boundaries without changing release behavior.",The full ProsePalNativeUITests target executes every current deterministic scenario with no failures or skips.,prosepal-ios/App/ProsePalUITestSupport.swift; prosepal-ios/App/ProsePalNativeApp.swift; prosepal-ios/Sources/ProsePalUI/MomentGeneratingView.swift; prosepal-ios/Sources/ProsePalUI/MomentAppleSignInControl.swift; prosepal-ios/Sources/ProsePalUI/MomentAccountModel.swift; prosepal-ios/Sources/ProsePalUI/Features/Settings/MomentSettingsView.swift; prosepal-ios/Sources/ProsePalUI/MomentExperienceView.swift,prosepal-ios/AppUITests/ProsePalNativeUITests.swift; scripts/run_native_ui_tests.sh; .github/workflows/native-ui.yml,docs/BACKLOG.md; docs/quality/testing.md,Local automation is not represented as proof of live Apple provider accessibility or physical-device behavior.
US-057,Drafting,Stop and obsolete-work cancellation,"As a user waiting for a draft, I want Stop and navigation changes to end obsolete work without losing my input or allowing a late result to appear.",MomentModel alone owns the retained generation task; Stop reset meaning-bearing input changes composer dismissal app backgrounding and superseding work cancel it while a generation identity suppresses late results.,Implemented,Deterministic cancellation coverage plus running-app Stop coverage passed,None documented,Not needed,Tests prove cancellation before and during provider work no fallback after cancellation late-result suppression preserved input and return to an actionable compose state.,prosepal-ios/Sources/ProsePalUI/MomentExperienceView.swift; prosepal-ios/Sources/ProsePalUI/MomentGeneratingView.swift; prosepal-ios/Sources/ProsePalAPI/MessageWritingService.swift,prosepal-ios/Tests/ProsePalUITests/MomentGenerationLifecycleTests.swift; prosepal-ios/Tests/ProsePalUITests/MomentModelTests.swift; prosepal-ios/AppUITests/ProsePalNativeUITests.swift,docs/engineering/ai-generation.md,The UI exposes Stop only while generation is active; cancellation never claims a draft was completed.
US-058,Quality,Cross-cutting asynchronous feedback,"As a user starting durable network-backed work, I want immediate honest feedback and protection from accidental duplicate submission.",Generation sign-in product loading purchase restore and account deletion expose indeterminate progress disable or remove duplicate actions preserve writing and reveal confirmed success failure retry or indeterminate outcomes without fake percentages.,Partial,Delayed running-app scenarios cover generation sign-in product loading purchase restore and account deletion,"Sign-out has no equivalent progress contract; paywall-local purchase and restore outcomes can be less visible than Settings outcomes. Live Apple StoreKit provider and physical-device behavior remain unproved.",Tracked in backlog,XCUITest asserts immediate acknowledgement In progress accessibility values duplicate prevention preserved person input no early completion and honest terminal states.,prosepal-ios/Sources/ProsePalUI/MomentGeneratingView.swift; prosepal-ios/Sources/ProsePalUI/MomentAppleSignInControl.swift; prosepal-ios/Sources/ProsePalUI/MomentAccountModel.swift; prosepal-ios/Sources/ProsePalUI/Features/Settings/MomentSettingsView.swift; prosepal-ios/Sources/ProsePalUI/MomentExperienceView.swift,prosepal-ios/AppUITests/ProsePalNativeUITests.swift,docs/BACKLOG.md; docs/quality/testing.md,Keep behavioural assertions layout-neutral; waiting-state inconsistencies require a dedicated product slice rather than a volatile composer redesign.
US-059,Drafting,Usage-limit and Premium-limit honesty,"As a user considering or reaching a writing limit, I want policy claims to match the server rather than invented counters reset dates or unlimited promises.",GatewayMessageWritingClient preserves the user-safe server message and the limit screen shows Draft limit reached with policy-neutral fallback; however the Plan and Paywall still advertise Unlimited drafts/refines while repository policy caps entitled gateway generation at 500 per month.,Partial,Gateway error-mapping and routing coverage passed; there is no cross-surface copy-parity test,"New product finding: Unlimited drafts/refines copy in the Plan and Paywall conflicts with the current 500-per-month entitled gateway policy.",Requires a dedicated product-policy and copy follow-up; no production fix was made during this evidence audit.,Tests prove the server message survives typed error mapping but do not protect the contradictory Plan/Paywall claims.,prosepal-ios/Sources/ProsePalAPI/GatewayMessageWritingClient.swift; prosepal-ios/Sources/ProsePalAPI/GenerationError.swift; prosepal-ios/Sources/ProsePalUI/MomentExperienceView.swift; supabase/migrations/20260712170634_gateway_request_ledger.sql,prosepal-ios/Tests/ProsePalAPITests/MessageWritingClientTests.swift; prosepal-ios/Tests/ProsePalAPITests/MessageWritingServiceTests.swift,docs/BACKLOG.md,Quantified quota UI remains deferred; the existing unqualified unlimited promise is a separate release-risk finding and is not fixed by this audit.
US-060,Moment Input,Tone selection,"As a user, I want to choose the voice of the message before generation.",The composer exposes every Tone case in one menu; selection updates the meaning-bearing Moment state invalidates stale output persists through recovery and reaches both private and gateway prompt contracts.,Implemented,Domain enum prompt-contract routing and recovery coverage passed; direct tone-menu interaction automation is absent,None documented,Not needed,Tests pin the complete tone set prove prompt propagation and preserve the selected value through active-draft recovery.,prosepal-ios/Sources/ProsePalDomain/CardModels.swift; prosepal-ios/Sources/ProsePalUI/MomentExperienceView.swift; prosepal-ios/Sources/ProsePalAPI/FoundationModelsPrivateDraftClient.swift; prosepal-ios/Sources/ProsePalAPI/GatewayCarefulMomentClient.swift,prosepal-ios/Tests/ProsePalDomainTests/CardContractTests.swift; prosepal-ios/Tests/ProsePalAPITests/PrivateDraftPromptPlanTests.swift; prosepal-ios/Tests/ProsePalUITests/MomentModelTests.swift,docs/product/capabilities.md,Heartfelt is the default; the visible choices are Heartfelt Casual Funny Formal Inspirational Playful Sarcastic Nostalgic and Poetic.
US-061,Moment Input,Message length selection,"As a user, I want to choose a brief standard or detailed message before generation.",The composer exposes Brief Standard and Detailed controls; selection updates meaning-bearing Moment state invalidates stale output persists through recovery and reaches both writing lanes as a generation hint.,Implemented,Domain enum prompt-contract routing and recovery coverage passed; direct length-control interaction automation is absent,None documented,Not needed,Tests pin the three supported values prove the generated length hint and preserve the selection through active-draft recovery.,prosepal-ios/Sources/ProsePalDomain/CardModels.swift; prosepal-ios/Sources/ProsePalUI/MomentExperienceView.swift; prosepal-ios/Sources/ProsePalAPI/FoundationModelsPrivateDraftClient.swift; prosepal-ios/Sources/ProsePalAPI/GatewayCarefulMomentClient.swift,prosepal-ios/Tests/ProsePalDomainTests/CardContractTests.swift; prosepal-ios/Tests/ProsePalAPITests/PrivateDraftPromptPlanTests.swift; prosepal-ios/Tests/ProsePalUITests/MomentModelTests.swift,docs/product/capabilities.md,Standard is the default; each label maps to a stable sentence-count hint rather than a fake exact guarantee.
US-062,Moment Input,Automatic locale and spelling,"As a user, I want spelling and locale behavior to follow my device without another setup control.",MomentInput and CardIntent derive Locale.current.identifier and the automatic spelling preference by default; both private and gateway prompts receive the locale while the composer exposes no redundant spelling picker.,Implemented,Domain contract and private-prompt coverage passed,None documented,Not needed,Tests prove the automatic spelling value current locale default and explicit locale propagation into prompt construction.,prosepal-ios/Sources/ProsePalDomain/MomentModels.swift; prosepal-ios/Sources/ProsePalDomain/CardModels.swift; prosepal-ios/Sources/ProsePalAPI/FoundationModelsPrivateDraftClient.swift; prosepal-ios/Sources/ProsePalAPI/GatewayCarefulMomentClient.swift,prosepal-ios/Tests/ProsePalDomainTests/CardContractTests.swift; prosepal-ios/Tests/ProsePalAPITests/PrivateDraftPromptPlanTests.swift,docs/product/capabilities.md,Locale handling is automatic product behavior not a hidden user preference.
US-063,Drafting,Another draft,"As a user, I want another way to say the same Moment without losing the draft I already have.",The result rail exposes Another; MomentModel.rewriteDraft sends the same meaning-bearing Moment through the model-owned draft lifecycle and replaces the active bundle only after success while storing the previous wording as a recoverable rewrite snapshot.,Implemented,Deterministic generation-entry coverage passed; direct Another replacement/undo and chip interaction automation are absent,None documented,Not needed,Tests prove rewrite enters the shared model-owned draft lifecycle; source inspection confirms that lifecycle receives the current bundle as its recoverable original before replacement.,prosepal-ios/Sources/ProsePalUI/MomentExperienceView.swift,prosepal-ios/Tests/ProsePalUITests/MomentGenerationLifecycleTests.swift; prosepal-ios/Tests/ProsePalUITests/MomentModelTests.swift,docs/product/capabilities.md,Another is a fresh draft request rather than a named tone or length adjustment; the current one-draft result model remains in place until the planned three-option flow is delivered.
